ID,StemmerRV,Kjonn,Alder,Sted
1,Nei,Kvinne,78,Trondheim
2,Nei,Kvinne,26,Bergen
3,Nei,Kvinne,85,Bergen
4,Nei,Kvinne,52,Bergen
5,Nei,Mann,82,Oslo
6,Nei,Mann,25,Trondheim
7,Ja,Kvinne,62,Bergen
8,Nei,Mann,64,Oslo
9,Nei,Kvinne,57,Trondheim
10,Nei,Mann,71,Stavanger
11,Ja,Kvinne,63,Oslo
12,Nei,Kvinne,64,Trondheim
13,Nei,Mann,32,Oslo
14,Nei,Mann,36,Trondheim
15,Nei,Kvinne,43,Trondheim
16,Nei,Kvinne,69,Stavanger
17,Nei,Mann,39,Oslo
18,Nei,Mann,38,Bergen
19,Nei,Kvinne,68,Stavanger
20,Nei,Mann,55,Stavanger
21,Nei,Kvinne,37,Trondheim
22,Nei,Kvinne,46,Bergen
23,Nei,Kvinne,68,Oslo
24,Nei,Kvinne,21,Bergen
25,Nei,Mann,72,Bergen
26,Nei,Mann,88,Bergen
27,Nei,Mann,45,Bergen
28,Nei,Mann,21,Bergen
29,Nei,Mann,39,Trondheim
30,Ja,Mann,62,Trondheim
31,Nei,Mann,84,Stavanger
32,Nei,Kvinne,83,Trondheim
33,Ja,Mann,51,Stavanger
34,Nei,Mann,72,Stavanger
35,Nei,Kvinne,18,Oslo
36,Nei,Mann,89,Bergen
37,Nei,Mann,55,Trondheim
38,Nei,Kvinne,23,Oslo
39,Nei,Mann,42,Trondheim
40,Nei,Mann,34,Stavanger
41,Nei,Mann,78,Trondheim
42,Nei,Kvinne,29,Bergen
43,Ja,Mann,23,Stavanger
44,Nei,Mann,44,Stavanger
45,Nei,Kvinne,25,Oslo
46,Nei,Mann,82,Bergen
47,Nei,Kvinne,74,Stavanger
48,Nei,Kvinne,57,Bergen
49,Nei,Mann,31,Trondheim
50,Nei,Kvinne,52,Bergen
51,Nei,Kvinne,65,Stavanger
52,Nei,Mann,73,Oslo
53,Nei,Kvinne,66,Stavanger
54,Nei,Kvinne,30,Bergen
55,Nei,Mann,78,Bergen
56,Nei,Mann,66,Stavanger
57,Nei,Mann,63,Bergen
58,Nei,Kvinne,79,Trondheim
59,Ja,Mann,25,Stavanger
60,Nei,Kvinne,60,Oslo
61,Nei,Kvinne,37,Stavanger
62,Nei,Kvinne,56,Trondheim
63,Nei,Kvinne,66,Trondheim
64,Nei,Kvinne,81,Trondheim
65,Nei,Kvinne,79,Trondheim
66,Nei,Kvinne,71,Trondheim
67,Nei,Mann,26,Oslo
68,Nei,Mann,54,Bergen
69,Ja,Kvinne,66,Trondheim
70,Nei,Kvinne,58,Trondheim
71,Nei,Mann,34,Stavanger
72,Nei,Kvinne,38,Oslo
73,Ja,Mann,68,Oslo
74,Nei,Mann,76,Bergen
75,Nei,Mann,56,Oslo
76,Nei,Kvinne,72,Stavanger
77,Nei,Kvinne,58,Stavanger
78,Ja,Mann,56,Bergen
79,Nei,Mann,30,Stavanger
80,Nei,Mann,81,Trondheim
81,Nei,Mann,28,Trondheim
82,Nei,Mann,36,Stavanger
83,Nei,Kvinne,28,Bergen
84,Ja,Mann,63,Oslo
85,Nei,Kvinne,62,Bergen
86,Nei,Mann,18,Oslo
87,Nei,Kvinne,57,Stavanger
88,Nei,Kvinne,36,Stavanger
89,Nei,Kvinne,89,Trondheim
90,Nei,Kvinne,89,Oslo
91,Nei,Kvinne,78,Bergen
92,Nei,Kvinne,29,Stavanger
93,Nei,Mann,78,Bergen
94,Nei,Kvinne,50,Trondheim
95,Nei,Mann,62,Oslo
96,Nei,Kvinne,86,Oslo
97,Nei,Kvinne,25,Stavanger
98,Nei,Mann,42,Oslo
99,Ja,Kvinne,63,Stavanger
100,Nei,Mann,47,Trondheim
101,Ja,Mann,64,Oslo
102,Nei,Mann,66,Stavanger
103,Nei,Mann,64,Bergen
104,Nei,Kvinne,35,Stavanger
105,Nei,Kvinne,83,Oslo
106,Nei,Mann,85,Trondheim
107,Nei,Kvinne,50,Oslo
108,Nei,Kvinne,53,Oslo
109,Nei,Mann,36,Stavanger
110,Ja,Kvinne,45,Bergen
111,Nei,Mann,57,Oslo
112,Nei,Mann,32,Bergen
113,Nei,Kvinne,58,Stavanger
114,Nei,Kvinne,56,Bergen
115,Nei,Kvinne,19,Stavanger
116,Nei,Mann,80,Trondheim
117,Nei,Mann,46,Bergen
118,Nei,Kvinne,83,Bergen
119,Nei,Kvinne,68,Trondheim
120,Nei,Kvinne,27,Bergen
121,Nei,Kvinne,31,Trondheim
122,Nei,Mann,68,Oslo
123,Nei,Kvinne,56,Stavanger
124,Nei,Mann,45,Trondheim
125,Nei,Mann,20,Bergen
126,Nei,Kvinne,87,Trondheim
127,Nei,Kvinne,44,Bergen
128,Nei,Kvinne,19,Oslo
129,Ja,Mann,55,Trondheim
130,Nei,Kvinne,20,Oslo
131,Nei,Kvinne,33,Stavanger
132,Nei,Mann,57,Bergen
133,Nei,Kvinne,19,Bergen
134,Nei,Mann,58,Oslo
135,Nei,Kvinne,29,Stavanger
136,Nei,Mann,52,Trondheim
137,Nei,Kvinne,82,Trondheim
138,Nei,Kvinne,72,Bergen
139,Nei,Mann,62,Oslo
140,Nei,Mann,79,Oslo
141,Nei,Kvinne,66,Trondheim
142,Nei,Mann,42,Stavanger
143,Nei,Mann,40,Stavanger
144,Nei,Mann,41,Trondheim
145,Nei,Mann,55,Trondheim
146,Ja,Kvinne,45,Oslo
147,Nei,Kvinne,38,Stavanger
148,Nei,Mann,71,Trondheim
149,Ja,Mann,35,Trondheim
150,Nei,Mann,53,Bergen
151,Nei,Mann,62,Trondheim
152,Nei,Kvinne,70,Trondheim
153,Nei,Kvinne,47,Stavanger
154,Nei,Mann,77,Oslo
155,Nei,Mann,49,Stavanger
156,Nei,Mann,84,Oslo
157,Nei,Kvinne,84,Bergen
158,Nei,Mann,45,Trondheim
159,Nei,Kvinne,61,Bergen
160,Nei,Mann,58,Oslo
161,Nei,Kvinne,80,Stavanger
162,Nei,Mann,40,Stavanger
163,Nei,Kvinne,65,Bergen
164,Nei,Mann,49,Oslo
165,Nei,Mann,74,Bergen
166,Nei,Mann,50,Bergen
167,Nei,Kvinne,41,Trondheim
168,Nei,Mann,56,Bergen
169,Ja,Kvinne,51,Trondheim
170,Nei,Kvinne,73,Trondheim
171,Nei,Mann,45,Stavanger
172,Ja,Mann,54,Trondheim
173,Nei,Mann,24,Trondheim
174,Nei,Kvinne,85,Stavanger
175,Nei,Mann,54,Bergen
176,Nei,Kvinne,73,Oslo
177,Nei,Kvinne,82,Oslo
178,Nei,Mann,82,Oslo
179,Nei,Mann,64,Bergen
180,Nei,Mann,37,Trondheim
181,Nei,Mann,36,Oslo
182,Nei,Mann,46,Bergen
183,Nei,Mann,77,Trondheim
184,Nei,Kvinne,35,Stavanger
185,Nei,Kvinne,52,Oslo
186,Nei,Kvinne,60,Trondheim
187,Nei,Mann,28,Oslo
188,Nei,Kvinne,66,Oslo
189,Nei,Kvinne,55,Oslo
190,Nei,Kvinne,81,Trondheim
191,Nei,Kvinne,86,Bergen
192,Nei,Kvinne,25,Trondheim
193,Nei,Mann,51,Oslo
194,Nei,Mann,65,Trondheim
195,Nei,Kvinne,73,Stavanger
196,Nei,Kvinne,82,Bergen
197,Nei,Kvinne,48,Trondheim
198,Nei,Mann,21,Stavanger
199,Nei,Mann,67,Bergen
200,Nei,Kvinne,86,Stavanger
201,Nei,Mann,47,Bergen
202,Ja,Mann,76,Trondheim
203,Nei,Kvinne,84,Stavanger
204,Nei,Mann,62,Oslo
205,Nei,Mann,21,Stavanger
206,Ja,Kvinne,43,Bergen
207,Nei,Mann,44,Trondheim
208,Nei,Mann,63,Bergen
209,Ja,Kvinne,81,Stavanger
210,Nei,Mann,68,Stavanger
211,Nei,Mann,67,Oslo
212,Nei,Kvinne,23,Trondheim
213,Nei,Kvinne,76,Trondheim
214,Nei,Kvinne,32,Stavanger
215,Nei,Mann,47,Trondheim
216,Nei,Kvinne,59,Oslo
217,Nei,Mann,54,Bergen
218,Nei,Kvinne,59,Trondheim
219,Nei,Mann,52,Stavanger
220,Nei,Kvinne,23,Bergen
221,Nei,Kvinne,85,Bergen
222,Nei,Kvinne,35,Oslo
223,Nei,Kvinne,46,Stavanger
224,Nei,Mann,76,Trondheim
225,Nei,Kvinne,64,Stavanger
226,Nei,Kvinne,34,Bergen
227,Nei,Mann,39,Stavanger
228,Nei,Kvinne,85,Trondheim
229,Nei,Mann,86,Trondheim
230,Nei,Kvinne,54,Oslo
231,Nei,Kvinne,66,Trondheim
232,Nei,Kvinne,30,Trondheim
233,Nei,Mann,51,Stavanger
234,Nei,Kvinne,70,Stavanger
235,Nei,Kvinne,68,Bergen
236,Nei,Kvinne,20,Oslo
237,Nei,Mann,59,Stavanger
238,Ja,Mann,49,Trondheim
239,Nei,Kvinne,68,Bergen
240,Nei,Mann,63,Stavanger
241,Nei,Kvinne,38,Oslo
242,Nei,Kvinne,61,Oslo
243,Nei,Kvinne,28,Bergen
244,Nei,Kvinne,85,Bergen
245,Ja,Kvinne,18,Bergen
246,Nei,Kvinne,80,Bergen
247,Nei,Kvinne,41,Bergen
248,Nei,Mann,30,Trondheim
249,Nei,Mann,28,Trondheim
250,Nei,Mann,68,Stavanger
251,Nei,Mann,34,Oslo
252,Nei,Mann,41,Trondheim
253,Nei,Mann,36,Trondheim
254,Nei,Mann,54,Trondheim
255,Nei,Kvinne,25,Stavanger
256,Nei,Kvinne,45,Bergen
257,Nei,Kvinne,22,Stavanger
258,Nei,Kvinne,34,Oslo
259,Nei,Mann,53,Oslo
260,Nei,Mann,36,Oslo
261,Nei,Kvinne,81,Oslo
262,Nei,Kvinne,28,Trondheim
263,Nei,Mann,71,Trondheim
264,Nei,Kvinne,62,Stavanger
265,Nei,Kvinne,64,Bergen
266,Nei,Kvinne,29,Oslo
267,Nei,Kvinne,38,Stavanger
268,Nei,Mann,28,Trondheim
269,Nei,Kvinne,22,Trondheim
270,Nei,Kvinne,73,Bergen
271,Nei,Mann,37,Bergen
272,Nei,Mann,58,Bergen
273,Nei,Kvinne,63,Stavanger
274,Nei,Mann,29,Trondheim
275,Nei,Kvinne,87,Trondheim
276,Nei,Kvinne,34,Bergen
277,Nei,Mann,36,Oslo
278,Nei,Kvinne,43,Bergen
279,Nei,Kvinne,65,Stavanger
280,Nei,Kvinne,69,Bergen
281,Nei,Kvinne,87,Bergen
282,Nei,Mann,72,Stavanger
283,Nei,Mann,50,Bergen
284,Nei,Kvinne,79,Trondheim
285,Nei,Mann,40,Oslo
286,Ja,Kvinne,32,Bergen
287,Nei,Kvinne,44,Stavanger
288,Nei,Kvinne,81,Oslo
289,Nei,Kvinne,68,Stavanger
290,Nei,Kvinne,70,Oslo
291,Ja,Mann,68,Oslo
292,Ja,Kvinne,64,Bergen
293,Nei,Mann,21,Trondheim
294,Nei,Mann,24,Bergen
295,Nei,Kvinne,52,Stavanger
296,Nei,Kvinne,65,Stavanger
297,Nei,Kvinne,89,Oslo
298,Nei,Kvinne,62,Oslo
299,Nei,Kvinne,89,Trondheim
300,Nei,Mann,36,Bergen
301,Ja,Kvinne,80,Stavanger
302,Nei,Kvinne,55,Oslo
303,Nei,Mann,84,Trondheim
304,Nei,Mann,76,Stavanger
305,Nei,Kvinne,86,Oslo
306,Nei,Mann,30,Stavanger
307,Nei,Kvinne,64,Trondheim
308,Nei,Mann,78,Trondheim
309,Nei,Mann,48,Stavanger
310,Nei,Kvinne,39,Bergen
311,Nei,Mann,60,Stavanger
312,Ja,Mann,84,Oslo
313,Ja,Mann,71,Bergen
314,Nei,Mann,27,Oslo
315,Nei,Mann,59,Stavanger
316,Nei,Mann,81,Bergen
317,Nei,Kvinne,38,Oslo
318,Nei,Kvinne,83,Stavanger
319,Nei,Mann,58,Stavanger
320,Nei,Kvinne,41,Bergen
321,Nei,Kvinne,52,Stavanger
322,Nei,Kvinne,73,Trondheim
323,Nei,Mann,47,Oslo
324,Nei,Kvinne,74,Oslo
325,Nei,Mann,64,Stavanger
326,Nei,Kvinne,52,Stavanger
327,Nei,Mann,36,Trondheim
328,Nei,Mann,25,Bergen
329,Nei,Kvinne,43,Stavanger
330,Nei,Kvinne,88,Stavanger
331,Nei,Mann,47,Stavanger
332,Nei,Kvinne,24,Stavanger
333,Ja,Kvinne,84,Oslo
334,Nei,Kvinne,82,Stavanger
335,Ja,Mann,53,Oslo
336,Ja,Mann,42,Stavanger
337,Nei,Kvinne,54,Bergen
338,Nei,Kvinne,18,Trondheim
339,Nei,Kvinne,32,Bergen
340,Nei,Mann,54,Stavanger
341,Nei,Mann,30,Stavanger
342,Nei,Kvinne,25,Stavanger
343,Nei,Kvinne,22,Bergen
344,Nei,Kvinne,77,Stavanger
345,Nei,Kvinne,18,Bergen
346,Nei,Kvinne,53,Oslo
347,Nei,Kvinne,52,Trondheim
348,Ja,Mann,83,Trondheim
349,Nei,Kvinne,80,Bergen
350,Nei,Mann,40,Oslo
351,Nei,Kvinne,26,Bergen
352,Nei,Kvinne,51,Oslo
353,Nei,Mann,63,Stavanger
354,Nei,Mann,21,Oslo
355,Ja,Mann,47,Oslo
356,Nei,Mann,89,Oslo
357,Ja,Kvinne,20,Trondheim
358,Nei,Mann,31,Oslo
359,Nei,Kvinne,77,Stavanger
360,Nei,Mann,62,Stavanger
361,Nei,Kvinne,51,Stavanger
362,Nei,Kvinne,62,Oslo
363,Nei,Kvinne,78,Bergen
364,Nei,Kvinne,33,Bergen
365,Nei,Kvinne,83,Stavanger
366,Nei,Kvinne,57,Trondheim
367,Nei,Mann,34,Bergen
368,Nei,Kvinne,51,Oslo
369,Nei,Mann,33,Bergen
370,Ja,Mann,77,Stavanger
371,Nei,Kvinne,83,Trondheim
372,Ja,Mann,83,Bergen
373,Nei,Kvinne,30,Bergen
374,Nei,Mann,73,Stavanger
375,Ja,Kvinne,48,Trondheim
376,Nei,Mann,51,Trondheim
377,Nei,Kvinne,56,Stavanger
378,Ja,Kvinne,84,Oslo
379,Nei,Kvinne,25,Bergen
380,Nei,Kvinne,72,Oslo
381,Nei,Mann,44,Bergen
382,Nei,Kvinne,70,Bergen
383,Nei,Mann,56,Oslo
384,Nei,Mann,82,Stavanger
385,Nei,Mann,34,Stavanger
386,Nei,Kvinne,47,Bergen
387,Nei,Mann,70,Stavanger
388,Nei,Mann,30,Bergen
389,Nei,Mann,38,Stavanger
390,Nei,Kvinne,36,Bergen
391,Nei,Kvinne,70,Stavanger
392,Nei,Mann,36,Trondheim
393,Nei,Kvinne,74,Oslo
394,Nei,Kvinne,42,Trondheim
395,Nei,Mann,48,Oslo
396,Nei,Mann,72,Oslo
397,Nei,Kvinne,40,Bergen
398,Nei,Mann,49,Oslo
399,Nei,Kvinne,79,Trondheim
400,Nei,Kvinne,27,Trondheim
401,Nei,Kvinne,89,Stavanger
402,Nei,Kvinne,71,Trondheim
403,Nei,Kvinne,69,Stavanger
404,Nei,Kvinne,37,Oslo
405,Nei,Mann,49,Trondheim
406,Nei,Mann,31,Oslo
407,Nei,Kvinne,67,Trondheim
408,Ja,Kvinne,45,Trondheim
409,Nei,Kvinne,70,Stavanger
410,Nei,Mann,41,Oslo
411,Nei,Kvinne,39,Trondheim
412,Nei,Mann,47,Bergen
413,Nei,Kvinne,80,Oslo
414,Nei,Kvinne,21,Oslo
415,Nei,Mann,76,Oslo
416,Nei,Mann,25,Stavanger
417,Nei,Kvinne,29,Bergen
418,Nei,Kvinne,48,Oslo
419,Nei,Kvinne,51,Trondheim
420,Nei,Mann,66,Trondheim
421,Nei,Mann,74,Stavanger
422,Nei,Mann,43,Trondheim
423,Nei,Mann,35,Oslo
424,Nei,Mann,55,Trondheim
425,Ja,Mann,67,Oslo
426,Nei,Kvinne,25,Trondheim
427,Nei,Kvinne,58,Bergen
428,Nei,Mann,23,Stavanger
429,Nei,Kvinne,86,Stavanger
430,Nei,Kvinne,61,Bergen
431,Nei,Mann,81,Bergen
432,Nei,Kvinne,46,Stavanger
433,Nei,Mann,45,Bergen
434,Nei,Mann,28,Oslo
435,Ja,Kvinne,82,Trondheim
436,Nei,Mann,36,Stavanger
437,Ja,Mann,26,Bergen
438,Nei,Mann,44,Oslo
439,Nei,Mann,51,Stavanger
440,Ja,Mann,61,Bergen
441,Ja,Mann,85,Stavanger
442,Nei,Mann,32,Bergen
443,Nei,Mann,68,Stavanger
444,Nei,Kvinne,30,Oslo
445,Nei,Kvinne,66,Oslo
446,Nei,Kvinne,87,Trondheim
447,Nei,Mann,73,Stavanger
448,Nei,Mann,68,Trondheim
449,Nei,Kvinne,54,Stavanger
450,Ja,Kvinne,34,Bergen
451,Nei,Kvinne,75,Bergen
452,Nei,Mann,46,Trondheim
453,Nei,Kvinne,50,Stavanger
454,Nei,Kvinne,77,Trondheim
455,Nei,Mann,72,Oslo
456,Nei,Kvinne,27,Trondheim
457,Ja,Mann,64,Trondheim
458,Nei,Mann,40,Bergen
459,Ja,Mann,38,Trondheim
460,Nei,Kvinne,30,Stavanger
461,Nei,Kvinne,50,Bergen
462,Nei,Mann,41,Trondheim
463,Nei,Kvinne,28,Oslo
464,Nei,Kvinne,34,Trondheim
465,Nei,Kvinne,85,Trondheim
466,Nei,Kvinne,64,Trondheim
467,Nei,Mann,42,Bergen
468,Nei,Kvinne,38,Stavanger
469,Nei,Mann,29,Oslo
470,Nei,Mann,54,Trondheim
471,Ja,Kvinne,59,Stavanger
472,Nei,Mann,34,Stavanger
473,Ja,Kvinne,65,Bergen
474,Nei,Kvinne,45,Oslo
475,Nei,Mann,58,Bergen
476,Nei,Mann,64,Stavanger
477,Ja,Mann,35,Stavanger
478,Nei,Mann,88,Stavanger
479,Nei,Kvinne,30,Bergen
480,Nei,Kvinne,30,Oslo
481,Nei,Kvinne,48,Trondheim
482,Nei,Mann,19,Bergen
483,Nei,Mann,33,Stavanger
484,Nei,Mann,26,Bergen
485,Nei,Kvinne,55,Stavanger
486,Nei,Mann,71,Trondheim
487,Ja,Kvinne,73,Trondheim
488,Nei,Mann,62,Oslo
489,Nei,Kvinne,51,Stavanger
490,Nei,Kvinne,26,Oslo
491,Nei,Mann,25,Oslo
492,Nei,Mann,24,Trondheim
493,Nei,Kvinne,53,Bergen
494,Nei,Kvinne,35,Bergen
495,Nei,Mann,20,Oslo
496,Nei,Mann,45,Trondheim
497,Nei,Kvinne,87,Stavanger
498,Ja,Mann,61,Bergen
499,Nei,Kvinne,38,Oslo
500,Nei,Kvinne,45,Bergen
501,Nei,Mann,71,Bergen
502,Nei,Mann,71,Stavanger
503,Nei,Mann,82,Trondheim
504,Nei,Mann,38,Stavanger
505,Nei,Mann,30,Trondheim
506,Nei,Kvinne,74,Bergen
507,Nei,Kvinne,66,Oslo
508,Nei,Mann,71,Stavanger
509,Nei,Mann,27,Trondheim
510,Nei,Mann,70,Bergen
511,Nei,Kvinne,61,Trondheim
512,Nei,Mann,64,Trondheim
513,Nei,Mann,70,Trondheim
514,Nei,Kvinne,63,Bergen
515,Ja,Kvinne,30,Oslo
516,Ja,Mann,54,Oslo
517,Nei,Mann,41,Oslo
518,Nei,Mann,19,Trondheim
519,Nei,Kvinne,31,Bergen
520,Nei,Mann,27,Trondheim
521,Nei,Mann,52,Oslo
522,Nei,Mann,42,Oslo
523,Nei,Kvinne,20,Bergen
524,Nei,Kvinne,34,Trondheim
525,Nei,Mann,29,Stavanger
526,Nei,Mann,71,Stavanger
527,Nei,Kvinne,41,Oslo
528,Nei,Kvinne,46,Bergen
529,Ja,Kvinne,60,Trondheim
530,Nei,Kvinne,42,Trondheim
531,Nei,Kvinne,77,Oslo
532,Nei,Kvinne,82,Oslo
533,Nei,Kvinne,45,Trondheim
534,Nei,Kvinne,33,Trondheim
535,Nei,Kvinne,64,Oslo
536,Nei,Mann,75,Trondheim
537,Nei,Mann,44,Stavanger
538,Nei,Mann,70,Oslo
539,Nei,Kvinne,59,Trondheim
540,Nei,Mann,76,Oslo
541,Nei,Kvinne,64,Bergen
542,Nei,Kvinne,51,Oslo
543,Nei,Mann,54,Oslo
544,Nei,Kvinne,23,Bergen
545,Nei,Mann,24,Stavanger
546,Nei,Mann,42,Trondheim
547,Nei,Mann,50,Bergen
548,Nei,Kvinne,72,Oslo
549,Nei,Mann,75,Trondheim
550,Nei,Kvinne,24,Bergen
551,Nei,Mann,74,Trondheim
552,Nei,Mann,29,Trondheim
553,Nei,Mann,33,Bergen
554,Nei,Kvinne,60,Trondheim
555,Nei,Kvinne,24,Stavanger
556,Nei,Kvinne,68,Bergen
557,Nei,Mann,49,Stavanger
558,Ja,Mann,25,Oslo
559,Nei,Kvinne,89,Trondheim
560,Nei,Kvinne,62,Oslo
561,Nei,Kvinne,76,Oslo
562,Nei,Kvinne,21,Trondheim
563,Nei,Kvinne,84,Bergen
564,Ja,Kvinne,46,Trondheim
565,Nei,Mann,46,Oslo
566,Nei,Kvinne,45,Oslo
567,Nei,Mann,61,Bergen
568,Nei,Mann,21,Trondheim
569,Nei,Kvinne,26,Oslo
570,Nei,Kvinne,22,Stavanger
571,Nei,Mann,73,Oslo
572,Nei,Kvinne,67,Oslo
573,Nei,Kvinne,32,Bergen
574,Nei,Mann,49,Stavanger
575,Nei,Mann,45,Oslo
576,Nei,Mann,39,Oslo
577,Nei,Kvinne,34,Stavanger
578,Nei,Mann,76,Trondheim
579,Nei,Kvinne,88,Trondheim
580,Nei,Mann,74,Oslo
581,Nei,Mann,43,Oslo
582,Nei,Mann,42,Trondheim
583,Nei,Kvinne,27,Bergen
584,Nei,Kvinne,62,Stavanger
585,Nei,Mann,28,Stavanger
586,Nei,Mann,70,Bergen
587,Ja,Mann,89,Bergen
588,Nei,Kvinne,85,Bergen
589,Nei,Mann,45,Bergen
590,Nei,Kvinne,82,Bergen
591,Nei,Mann,66,Bergen
592,Nei,Mann,64,Stavanger
593,Nei,Mann,69,Bergen
594,Nei,Mann,71,Trondheim
595,Nei,Mann,77,Bergen
596,Nei,Mann,74,Bergen
597,Nei,Kvinne,64,Stavanger
598,Nei,Mann,48,Stavanger
599,Nei,Kvinne,63,Bergen
600,Ja,Mann,43,Stavanger
601,Nei,Mann,22,Oslo
602,Nei,Kvinne,69,Stavanger
603,Nei,Mann,71,Stavanger
604,Nei,Kvinne,50,Stavanger
605,Nei,Kvinne,67,Stavanger
606,Nei,Mann,55,Trondheim
607,Nei,Kvinne,44,Trondheim
608,Nei,Kvinne,32,Trondheim
609,Nei,Mann,78,Bergen
610,Nei,Kvinne,38,Bergen
611,Ja,Mann,63,Oslo
612,Nei,Mann,86,Trondheim
613,Nei,Mann,23,Bergen
614,Ja,Mann,55,Stavanger
615,Nei,Kvinne,79,Stavanger
616,Nei,Mann,79,Trondheim
617,Ja,Mann,63,Oslo
618,Nei,Kvinne,30,Oslo
619,Nei,Mann,20,Stavanger
620,Nei,Mann,23,Oslo
621,Nei,Kvinne,25,Trondheim
622,Nei,Kvinne,61,Stavanger
623,Nei,Kvinne,50,Bergen
624,Nei,Kvinne,67,Bergen
625,Nei,Kvinne,28,Oslo
626,Nei,Kvinne,45,Stavanger
627,Nei,Kvinne,87,Stavanger
628,Nei,Mann,58,Bergen
629,Ja,Kvinne,33,Stavanger
630,Nei,Kvinne,85,Stavanger
631,Nei,Kvinne,65,Stavanger
632,Nei,Mann,73,Oslo
633,Nei,Mann,81,Stavanger
634,Nei,Kvinne,76,Trondheim
635,Nei,Kvinne,79,Oslo
636,Nei,Kvinne,28,Stavanger
637,Nei,Mann,35,Stavanger
638,Nei,Mann,36,Trondheim
639,Nei,Kvinne,72,Oslo
640,Nei,Mann,43,Bergen
641,Ja,Kvinne,23,Bergen
642,Nei,Mann,21,Oslo
643,Nei,Mann,46,Stavanger
644,Nei,Kvinne,76,Stavanger
645,Nei,Kvinne,34,Bergen
646,Nei,Kvinne,60,Bergen
647,Nei,Kvinne,83,Bergen
648,Nei,Mann,51,Trondheim
649,Nei,Mann,25,Bergen
650,Nei,Mann,30,Trondheim
651,Nei,Kvinne,25,Oslo
652,Nei,Mann,82,Stavanger
653,Nei,Kvinne,60,Bergen
654,Nei,Mann,56,Stavanger
655,Nei,Kvinne,76,Stavanger
656,Nei,Kvinne,61,Bergen
657,Nei,Mann,26,Bergen
658,Nei,Kvinne,54,Oslo
659,Nei,Kvinne,53,Trondheim
660,Nei,Mann,45,Trondheim
661,Nei,Kvinne,59,Stavanger
662,Nei,Kvinne,60,Bergen
663,Nei,Kvinne,59,Oslo
664,Nei,Mann,83,Oslo
665,Nei,Mann,72,Oslo
666,Nei,Kvinne,89,Oslo
667,Nei,Mann,65,Oslo
668,Nei,Kvinne,39,Trondheim
669,Nei,Kvinne,44,Trondheim
670,Nei,Kvinne,84,Trondheim
671,Nei,Kvinne,30,Bergen
672,Nei,Kvinne,62,Stavanger
673,Ja,Mann,27,Oslo
674,Nei,Kvinne,26,Bergen
675,Nei,Mann,71,Oslo
676,Nei,Mann,44,Trondheim
677,Nei,Kvinne,51,Bergen
678,Nei,Kvinne,18,Trondheim
679,Nei,Mann,49,Oslo
680,Nei,Mann,88,Oslo
681,Nei,Mann,84,Stavanger
682,Nei,Kvinne,37,Oslo
683,Nei,Mann,52,Trondheim
684,Nei,Kvinne,34,Oslo
685,Nei,Kvinne,35,Stavanger
686,Nei,Kvinne,62,Stavanger
687,Nei,Mann,70,Trondheim
688,Nei,Kvinne,85,Bergen
689,Nei,Kvinne,82,Oslo
690,Nei,Kvinne,18,Stavanger
691,Nei,Kvinne,75,Oslo
692,Nei,Kvinne,43,Oslo
693,Nei,Mann,37,Bergen
694,Nei,Kvinne,27,Stavanger
695,Nei,Kvinne,76,Oslo
696,Nei,Mann,58,Stavanger
697,Nei,Kvinne,22,Trondheim
698,Nei,Mann,82,Trondheim
699,Nei,Kvinne,34,Oslo
700,Nei,Mann,39,Stavanger
701,Nei,Mann,58,Oslo
702,Ja,Kvinne,85,Stavanger
703,Nei,Kvinne,86,Stavanger
704,Nei,Kvinne,28,Bergen
705,Ja,Mann,73,Bergen
706,Nei,Mann,68,Bergen
707,Nei,Mann,38,Oslo
708,Nei,Kvinne,43,Bergen
709,Nei,Mann,36,Bergen
710,Nei,Mann,77,Trondheim
711,Nei,Kvinne,88,Stavanger
712,Nei,Mann,64,Stavanger
713,Nei,Mann,88,Bergen
714,Nei,Kvinne,43,Stavanger
715,Nei,Mann,57,Trondheim
716,Nei,Kvinne,22,Trondheim
717,Nei,Kvinne,38,Bergen
718,Nei,Kvinne,21,Trondheim
719,Nei,Kvinne,40,Stavanger
720,Nei,Kvinne,32,Oslo
721,Nei,Mann,25,Stavanger
722,Nei,Mann,58,Oslo
723,Ja,Kvinne,36,Bergen
724,Nei,Kvinne,63,Oslo
725,Nei,Mann,45,Trondheim
726,Nei,Kvinne,85,Stavanger
727,Nei,Kvinne,32,Oslo
728,Nei,Kvinne,54,Stavanger
729,Nei,Mann,18,Bergen
730,Nei,Mann,84,Bergen
731,Nei,Kvinne,41,Trondheim
732,Nei,Kvinne,44,Bergen
733,Nei,Mann,57,Oslo
734,Nei,Mann,80,Bergen
735,Nei,Kvinne,78,Trondheim
736,Nei,Kvinne,53,Stavanger
737,Nei,Mann,41,Stavanger
738,Nei,Mann,41,Bergen
739,Nei,Mann,21,Oslo
740,Nei,Kvinne,84,Trondheim
741,Nei,Mann,51,Oslo
742,Nei,Kvinne,74,Trondheim
743,Nei,Mann,66,Bergen
744,Nei,Mann,70,Trondheim
745,Nei,Mann,40,Trondheim
746,Nei,Mann,86,Bergen
747,Nei,Kvinne,70,Oslo
748,Nei,Kvinne,79,Bergen
749,Nei,Mann,58,Trondheim
750,Nei,Kvinne,74,Bergen
751,Nei,Mann,77,Trondheim
752,Nei,Mann,71,Bergen
753,Nei,Mann,87,Stavanger
754,Nei,Mann,74,Stavanger
755,Nei,Kvinne,27,Bergen
756,Nei,Mann,57,Oslo
757,Nei,Mann,24,Trondheim
758,Nei,Kvinne,55,Stavanger
759,Nei,Mann,78,Oslo
760,Nei,Mann,20,Trondheim
761,Nei,Mann,68,Stavanger
762,Nei,Kvinne,64,Stavanger
763,Nei,Mann,85,Bergen
764,Nei,Kvinne,55,Trondheim
765,Ja,Mann,53,Oslo
766,Nei,Mann,58,Oslo
767,Nei,Kvinne,86,Oslo
768,Nei,Mann,30,Trondheim
769,Nei,Mann,75,Oslo
770,Nei,Kvinne,67,Oslo
771,Nei,Kvinne,47,Oslo
772,Nei,Kvinne,79,Bergen
773,Nei,Kvinne,42,Bergen
774,Nei,Kvinne,44,Trondheim
775,Nei,Mann,68,Trondheim
776,Nei,Kvinne,74,Oslo
777,Nei,Mann,64,Bergen
778,Nei,Mann,56,Stavanger
779,Nei,Mann,33,Stavanger
780,Nei,Kvinne,39,Oslo
781,Nei,Kvinne,71,Oslo
782,Nei,Mann,38,Bergen
783,Nei,Kvinne,89,Bergen
784,Nei,Kvinne,33,Bergen
785,Nei,Kvinne,76,Trondheim
786,Nei,Kvinne,48,Trondheim
787,Nei,Mann,59,Oslo
788,Nei,Mann,49,Trondheim
789,Nei,Kvinne,76,Bergen
790,Nei,Mann,51,Bergen
791,Nei,Kvinne,26,Trondheim
792,Nei,Kvinne,28,Stavanger
793,Nei,Mann,27,Oslo
794,Nei,Mann,34,Stavanger
795,Ja,Mann,85,Oslo
796,Nei,Kvinne,65,Stavanger
797,Nei,Mann,69,Trondheim
798,Nei,Kvinne,42,Oslo
799,Nei,Mann,38,Oslo
800,Nei,Mann,82,Oslo
801,Nei,Kvinne,80,Bergen
802,Nei,Kvinne,68,Bergen
803,Nei,Kvinne,53,Stavanger
804,Nei,Kvinne,83,Trondheim
805,Nei,Kvinne,32,Bergen
806,Nei,Kvinne,56,Oslo
807,Nei,Kvinne,87,Bergen
808,Nei,Kvinne,18,Trondheim
809,Nei,Mann,40,Bergen
810,Nei,Kvinne,56,Oslo
811,Nei,Kvinne,74,Stavanger
812,Nei,Mann,51,Oslo
813,Nei,Kvinne,58,Trondheim
814,Nei,Mann,30,Stavanger
815,Nei,Mann,87,Bergen
816,Nei,Kvinne,23,Bergen
817,Nei,Mann,69,Bergen
818,Nei,Kvinne,20,Stavanger
819,Ja,Mann,80,Oslo
820,Nei,Mann,66,Stavanger
821,Nei,Mann,64,Stavanger
822,Ja,Kvinne,72,Trondheim
823,Nei,Kvinne,81,Stavanger
824,Nei,Mann,82,Bergen
825,Nei,Mann,84,Oslo
826,Nei,Kvinne,32,Oslo
827,Nei,Kvinne,49,Oslo
828,Nei,Mann,85,Bergen
829,Nei,Mann,35,Bergen
830,Nei,Kvinne,60,Bergen
831,Nei,Kvinne,52,Bergen
832,Nei,Kvinne,75,Bergen
833,Nei,Kvinne,50,Stavanger
834,Nei,Kvinne,31,Bergen
835,Nei,Mann,51,Bergen
836,Nei,Kvinne,78,Bergen
837,Nei,Mann,21,Bergen
838,Nei,Kvinne,76,Oslo
839,Nei,Mann,46,Bergen
840,Nei,Kvinne,23,Stavanger
841,Ja,Kvinne,66,Stavanger
842,Nei,Mann,57,Stavanger
843,Nei,Mann,82,Trondheim
844,Nei,Kvinne,86,Oslo
845,Nei,Kvinne,44,Bergen
846,Nei,Kvinne,23,Trondheim
847,Nei,Kvinne,30,Bergen
848,Nei,Kvinne,81,Trondheim
849,Nei,Mann,79,Trondheim
850,Nei,Mann,36,Stavanger
851,Ja,Kvinne,60,Stavanger
852,Nei,Mann,37,Trondheim
853,Nei,Mann,85,Stavanger
854,Nei,Mann,61,Trondheim
855,Nei,Kvinne,40,Oslo
856,Nei,Mann,19,Stavanger
857,Ja,Kvinne,39,Stavanger
858,Nei,Mann,74,Stavanger
859,Nei,Kvinne,89,Oslo
860,Ja,Mann,24,Trondheim
861,Nei,Kvinne,73,Bergen
862,Nei,Kvinne,84,Stavanger
863,Nei,Mann,33,Trondheim
864,Nei,Kvinne,68,Oslo
865,Nei,Kvinne,89,Bergen
866,Nei,Kvinne,29,Stavanger
867,Nei,Kvinne,70,Oslo
868,Nei,Kvinne,22,Oslo
869,Nei,Kvinne,44,Bergen
870,Nei,Kvinne,29,Trondheim
871,Nei,Kvinne,34,Stavanger
872,Nei,Mann,23,Stavanger
873,Nei,Mann,22,Trondheim
874,Nei,Kvinne,74,Trondheim
875,Ja,Kvinne,45,Trondheim
876,Nei,Mann,86,Bergen
877,Nei,Mann,76,Bergen
878,Nei,Mann,50,Stavanger
879,Ja,Kvinne,79,Bergen
880,Nei,Mann,67,Oslo
881,Nei,Kvinne,36,Stavanger
882,Nei,Kvinne,86,Bergen
883,Ja,Mann,83,Trondheim
884,Nei,Kvinne,64,Oslo
885,Nei,Kvinne,56,Trondheim
886,Nei,Kvinne,85,Stavanger
887,Nei,Kvinne,50,Trondheim
888,Nei,Mann,30,Bergen
889,Nei,Mann,71,Bergen
890,Nei,Kvinne,24,Stavanger
891,Nei,Kvinne,31,Trondheim
892,Nei,Mann,36,Stavanger
893,Nei,Kvinne,71,Trondheim
894,Nei,Mann,37,Oslo
895,Nei,Kvinne,46,Bergen
896,Nei,Kvinne,41,Stavanger
897,Nei,Mann,80,Oslo
898,Nei,Mann,74,Oslo
899,Ja,Mann,25,Stavanger
900,Nei,Mann,79,Stavanger
901,Nei,Kvinne,46,Oslo
902,Ja,Mann,34,Trondheim
903,Nei,Kvinne,83,Oslo
904,Nei,Mann,23,Stavanger
905,Nei,Mann,75,Oslo
906,Nei,Kvinne,86,Trondheim
907,Nei,Mann,45,Bergen
908,Nei,Mann,79,Bergen
909,Nei,Mann,58,Oslo
910,Nei,Mann,86,Trondheim
911,Nei,Kvinne,58,Bergen
912,Nei,Kvinne,66,Oslo
913,Nei,Mann,66,Oslo
914,Nei,Mann,88,Trondheim
915,Nei,Mann,20,Stavanger
916,Nei,Kvinne,27,Oslo
917,Nei,Kvinne,52,Stavanger
918,Nei,Kvinne,19,Stavanger
919,Nei,Kvinne,41,Bergen
920,Nei,Mann,55,Stavanger
921,Nei,Mann,39,Trondheim
922,Nei,Mann,43,Bergen
923,Nei,Kvinne,60,Bergen
924,Nei,Mann,72,Bergen
925,Nei,Kvinne,56,Oslo
926,Ja,Kvinne,46,Oslo
927,Nei,Mann,37,Stavanger
928,Nei,Mann,58,Bergen
929,Nei,Mann,71,Bergen
930,Nei,Kvinne,37,Trondheim
931,Nei,Kvinne,36,Stavanger
932,Nei,Mann,83,Trondheim
933,Nei,Mann,47,Stavanger
934,Nei,Kvinne,70,Stavanger
935,Nei,Mann,51,Oslo
936,Nei,Kvinne,39,Oslo
937,Ja,Kvinne,84,Trondheim
938,Nei,Mann,23,Stavanger
939,Nei,Mann,44,Bergen
940,Nei,Mann,27,Oslo
941,Nei,Mann,65,Bergen
942,Nei,Kvinne,87,Trondheim
943,Nei,Kvinne,76,Oslo
944,Nei,Kvinne,76,Oslo
945,Nei,Mann,19,Stavanger
946,Ja,Kvinne,46,Trondheim
947,Nei,Mann,85,Stavanger
948,Nei,Mann,82,Oslo
949,Nei,Mann,43,Trondheim
950,Nei,Mann,27,Oslo
951,Nei,Mann,70,Trondheim
952,Nei,Mann,76,Oslo
953,Nei,Kvinne,39,Bergen
954,Nei,Mann,68,Bergen
955,Nei,Kvinne,65,Stavanger
956,Nei,Kvinne,38,Bergen
957,Nei,Mann,39,Oslo
958,Ja,Mann,47,Oslo
959,Nei,Mann,42,Bergen
960,Nei,Kvinne,45,Stavanger
961,Ja,Mann,82,Bergen
962,Nei,Kvinne,62,Trondheim
963,Nei,Mann,85,Trondheim
964,Nei,Mann,24,Trondheim
965,Nei,Kvinne,66,Bergen
966,Nei,Kvinne,26,Bergen
967,Nei,Mann,53,Bergen
968,Nei,Kvinne,18,Trondheim
969,Nei,Kvinne,27,Stavanger
970,Nei,Kvinne,53,Oslo
971,Nei,Kvinne,63,Bergen
972,Nei,Kvinne,49,Stavanger
973,Nei,Mann,49,Oslo
974,Nei,Mann,23,Oslo
975,Ja,Kvinne,65,Oslo
976,Nei,Mann,55,Stavanger
977,Nei,Mann,34,Stavanger
978,Ja,Kvinne,44,Trondheim
979,Nei,Mann,71,Stavanger
980,Nei,Kvinne,67,Stavanger
981,Nei,Kvinne,52,Stavanger
982,Nei,Mann,42,Oslo
983,Nei,Kvinne,45,Bergen
984,Ja,Kvinne,32,Trondheim
985,Nei,Kvinne,21,Bergen
986,Nei,Kvinne,44,Bergen
987,Nei,Kvinne,43,Stavanger
988,Nei,Mann,36,Trondheim
989,Nei,Mann,34,Bergen
990,Nei,Kvinne,60,Bergen
991,Nei,Kvinne,58,Trondheim
992,Nei,Mann,59,Stavanger
993,Nei,Kvinne,67,Bergen
994,Nei,Mann,57,Oslo
995,Nei,Kvinne,56,Bergen
996,Nei,Kvinne,40,Oslo
997,Nei,Kvinne,69,Stavanger
998,Nei,Kvinne,64,Bergen
999,Nei,Kvinne,80,Trondheim
1000,Nei,Kvinne,86,Trondheim
1001,Nei,Kvinne,60,Bergen
1002,Nei,Mann,65,Stavanger
1003,Nei,Mann,51,Stavanger
1004,Nei,Mann,57,Trondheim
1005,Nei,Kvinne,78,Bergen
1006,Nei,Kvinne,67,Stavanger
1007,Nei,Kvinne,84,Trondheim
1008,Nei,Kvinne,79,Oslo
1009,Nei,Kvinne,75,Bergen
1010,Nei,Kvinne,50,Oslo
1011,Nei,Kvinne,33,Oslo
1012,Nei,Mann,65,Stavanger
1013,Nei,Kvinne,27,Stavanger
1014,Ja,Mann,55,Stavanger
1015,Nei,Mann,36,Bergen
1016,Nei,Kvinne,53,Oslo
1017,Nei,Kvinne,76,Bergen
1018,Nei,Mann,80,Stavanger
1019,Nei,Mann,63,Oslo
1020,Ja,Kvinne,20,Bergen
1021,Nei,Kvinne,82,Bergen
1022,Nei,Mann,25,Trondheim
1023,Nei,Kvinne,68,Bergen
1024,Nei,Kvinne,23,Stavanger
1025,Nei,Kvinne,56,Bergen
1026,Nei,Mann,77,Oslo
1027,Nei,Mann,45,Bergen
1028,Nei,Mann,71,Trondheim
1029,Nei,Kvinne,54,Oslo
1030,Nei,Kvinne,26,Oslo
1031,Ja,Mann,73,Trondheim
1032,Nei,Mann,76,Stavanger
1033,Nei,Mann,19,Oslo
1034,Nei,Kvinne,78,Stavanger
1035,Ja,Mann,75,Oslo
1036,Nei,Mann,77,Oslo
1037,Nei,Kvinne,57,Stavanger
1038,Nei,Kvinne,53,Oslo
1039,Ja,Kvinne,54,Stavanger
1040,Nei,Mann,35,Trondheim
1041,Nei,Kvinne,80,Stavanger
1042,Nei,Kvinne,39,Trondheim
1043,Nei,Mann,28,Oslo
1044,Nei,Kvinne,75,Stavanger
1045,Nei,Mann,74,Oslo
1046,Nei,Mann,21,Stavanger
1047,Nei,Kvinne,24,Trondheim
1048,Ja,Kvinne,78,Trondheim
1049,Nei,Kvinne,71,Stavanger
1050,Ja,Kvinne,85,Trondheim
1051,Nei,Kvinne,18,Oslo
1052,Nei,Kvinne,72,Oslo
1053,Nei,Mann,20,Bergen
1054,Nei,Mann,55,Trondheim
1055,Nei,Kvinne,18,Oslo
1056,Nei,Mann,55,Stavanger
1057,Nei,Kvinne,46,Trondheim
1058,Nei,Mann,22,Oslo
1059,Nei,Mann,38,Trondheim
1060,Nei,Mann,88,Stavanger
1061,Nei,Kvinne,84,Oslo
1062,Nei,Mann,64,Bergen
1063,Nei,Kvinne,52,Bergen
1064,Nei,Mann,85,Trondheim
1065,Nei,Mann,86,Stavanger
1066,Nei,Mann,18,Oslo
1067,Nei,Mann,85,Stavanger
1068,Nei,Mann,29,Oslo
1069,Nei,Kvinne,77,Trondheim
1070,Nei,Kvinne,44,Oslo
1071,Nei,Mann,73,Stavanger
1072,Nei,Mann,40,Stavanger
1073,Ja,Mann,42,Trondheim
1074,Ja,Mann,38,Stavanger
1075,Nei,Kvinne,78,Oslo
1076,Nei,Mann,80,Trondheim
1077,Nei,Kvinne,69,Oslo
1078,Nei,Mann,42,Stavanger
1079,Nei,Kvinne,72,Trondheim
1080,Nei,Mann,63,Oslo
1081,Nei,Mann,49,Stavanger
1082,Nei,Kvinne,72,Stavanger
1083,Nei,Mann,22,Bergen
1084,Nei,Mann,53,Stavanger
1085,Nei,Mann,66,Oslo
1086,Nei,Kvinne,75,Trondheim
1087,Nei,Mann,56,Bergen
1088,Nei,Mann,78,Stavanger
1089,Nei,Kvinne,26,Stavanger
1090,Nei,Kvinne,23,Stavanger
1091,Nei,Kvinne,52,Oslo
1092,Nei,Mann,56,Bergen
1093,Nei,Mann,39,Oslo
1094,Nei,Mann,58,Bergen
1095,Nei,Kvinne,22,Trondheim
1096,Nei,Mann,59,Oslo
1097,Nei,Mann,84,Oslo
1098,Nei,Kvinne,47,Trondheim
1099,Nei,Kvinne,74,Bergen
1100,Nei,Kvinne,46,Stavanger
1101,Ja,Kvinne,54,Trondheim
1102,Nei,Kvinne,30,Stavanger
1103,Nei,Mann,49,Stavanger
1104,Nei,Kvinne,63,Trondheim
1105,Nei,Mann,40,Bergen
1106,Nei,Mann,62,Stavanger
1107,Nei,Kvinne,34,Trondheim
1108,Nei,Kvinne,83,Oslo
1109,Nei,Kvinne,23,Oslo
1110,Nei,Mann,35,Oslo
1111,Nei,Kvinne,39,Trondheim
1112,Nei,Kvinne,50,Oslo
1113,Nei,Kvinne,47,Stavanger
1114,Nei,Kvinne,49,Oslo
1115,Nei,Kvinne,59,Oslo
1116,Nei,Mann,27,Stavanger
1117,Nei,Mann,53,Oslo
1118,Nei,Mann,51,Stavanger
1119,Nei,Kvinne,45,Oslo
1120,Nei,Kvinne,28,Stavanger
1121,Nei,Kvinne,56,Oslo
1122,Nei,Mann,64,Stavanger
1123,Nei,Kvinne,36,Trondheim
1124,Nei,Kvinne,32,Stavanger
1125,Nei,Kvinne,45,Oslo
1126,Nei,Mann,41,Oslo
1127,Nei,Kvinne,89,Bergen
1128,Nei,Mann,26,Stavanger
1129,Nei,Kvinne,64,Trondheim
1130,Nei,Mann,50,Stavanger
1131,Nei,Mann,79,Stavanger
1132,Nei,Mann,36,Trondheim
1133,Ja,Kvinne,84,Stavanger
1134,Nei,Kvinne,57,Trondheim
1135,Nei,Mann,64,Trondheim
1136,Ja,Mann,82,Stavanger
1137,Nei,Kvinne,46,Stavanger
1138,Nei,Kvinne,67,Oslo
1139,Nei,Mann,30,Oslo
1140,Nei,Kvinne,18,Bergen
1141,Nei,Kvinne,51,Bergen
1142,Nei,Kvinne,65,Stavanger
1143,Nei,Kvinne,65,Trondheim
1144,Nei,Mann,66,Bergen
1145,Nei,Kvinne,81,Stavanger
1146,Nei,Kvinne,78,Bergen
1147,Nei,Mann,46,Trondheim
1148,Nei,Mann,56,Stavanger
1149,Nei,Kvinne,43,Trondheim
1150,Nei,Kvinne,34,Stavanger
1151,Nei,Kvinne,88,Bergen
1152,Nei,Kvinne,30,Oslo
1153,Nei,Mann,86,Bergen
1154,Nei,Mann,43,Bergen
1155,Nei,Mann,66,Oslo
1156,Nei,Kvinne,84,Oslo
1157,Nei,Kvinne,24,Stavanger
1158,Nei,Kvinne,75,Stavanger
1159,Nei,Kvinne,66,Trondheim
1160,Ja,Mann,70,Trondheim
1161,Nei,Mann,82,Bergen
1162,Nei,Kvinne,79,Oslo
1163,Nei,Mann,34,Trondheim
1164,Nei,Kvinne,60,Bergen
1165,Nei,Kvinne,42,Oslo
1166,Nei,Mann,20,Stavanger
1167,Nei,Kvinne,46,Bergen
1168,Nei,Kvinne,49,Stavanger
1169,Ja,Mann,43,Trondheim
1170,Nei,Kvinne,33,Trondheim
1171,Nei,Kvinne,42,Oslo
1172,Nei,Mann,71,Bergen
1173,Nei,Kvinne,45,Stavanger
1174,Nei,Mann,73,Oslo
1175,Nei,Kvinne,82,Trondheim
1176,Nei,Mann,58,Trondheim
1177,Nei,Mann,68,Bergen
1178,Nei,Mann,88,Stavanger
1179,Nei,Kvinne,46,Bergen
1180,Nei,Mann,36,Stavanger
1181,Nei,Mann,83,Stavanger
1182,Nei,Mann,58,Bergen
1183,Nei,Mann,62,Oslo
1184,Nei,Mann,32,Bergen
1185,Nei,Kvinne,20,Bergen
1186,Nei,Kvinne,28,Trondheim
1187,Nei,Kvinne,70,Trondheim
1188,Ja,Kvinne,63,Bergen
1189,Nei,Kvinne,47,Bergen
1190,Nei,Kvinne,74,Trondheim
1191,Ja,Kvinne,35,Stavanger
1192,Nei,Mann,68,Bergen
1193,Nei,Kvinne,65,Oslo
1194,Nei,Mann,83,Oslo
1195,Ja,Mann,25,Oslo
1196,Nei,Kvinne,39,Bergen
1197,Nei,Mann,23,Stavanger
1198,Nei,Mann,74,Stavanger
1199,Nei,Mann,53,Trondheim
1200,Nei,Mann,74,Bergen
1201,Nei,Kvinne,66,Stavanger
1202,Ja,Kvinne,62,Bergen
1203,Ja,Kvinne,83,Trondheim
1204,Nei,Kvinne,62,Trondheim
1205,Nei,Kvinne,37,Trondheim
1206,Nei,Kvinne,81,Oslo
1207,Nei,Kvinne,84,Bergen
1208,Nei,Kvinne,20,Trondheim
1209,Nei,Kvinne,71,Bergen
1210,Nei,Kvinne,81,Oslo
1211,Nei,Mann,57,Oslo
1212,Nei,Kvinne,76,Trondheim
1213,Nei,Mann,72,Trondheim
1214,Nei,Mann,79,Stavanger
1215,Nei,Mann,21,Bergen
1216,Nei,Mann,77,Trondheim
1217,Ja,Kvinne,47,Stavanger
1218,Nei,Mann,19,Bergen
1219,Nei,Kvinne,79,Trondheim
1220,Nei,Kvinne,66,Stavanger
1221,Nei,Mann,26,Stavanger
1222,Nei,Kvinne,48,Bergen
1223,Nei,Mann,78,Stavanger
1224,Nei,Mann,65,Bergen
1225,Nei,Kvinne,42,Bergen
1226,Nei,Kvinne,53,Bergen
1227,Nei,Mann,25,Oslo
1228,Nei,Kvinne,75,Stavanger
1229,Nei,Kvinne,62,Bergen
1230,Nei,Kvinne,79,Trondheim
1231,Nei,Mann,56,Oslo
1232,Nei,Mann,75,Oslo
1233,Nei,Kvinne,81,Stavanger
1234,Ja,Kvinne,61,Bergen
1235,Nei,Kvinne,46,Stavanger
1236,Nei,Kvinne,76,Oslo
1237,Nei,Kvinne,88,Bergen
1238,Nei,Mann,26,Trondheim
1239,Nei,Kvinne,23,Bergen
1240,Nei,Mann,46,Oslo
1241,Nei,Kvinne,75,Trondheim
1242,Nei,Mann,34,Bergen
1243,Nei,Kvinne,33,Trondheim
1244,Nei,Mann,20,Trondheim
1245,Nei,Kvinne,38,Oslo
1246,Nei,Mann,81,Trondheim
1247,Nei,Mann,53,Stavanger
1248,Ja,Mann,79,Oslo
1249,Nei,Mann,59,Stavanger
1250,Nei,Mann,59,Trondheim
1251,Nei,Mann,78,Stavanger
1252,Nei,Kvinne,30,Bergen
1253,Nei,Mann,28,Trondheim
1254,Nei,Kvinne,71,Bergen
1255,Nei,Kvinne,33,Stavanger
1256,Nei,Kvinne,25,Bergen
1257,Nei,Kvinne,76,Trondheim
1258,Nei,Kvinne,74,Bergen
1259,Ja,Mann,57,Stavanger
1260,Nei,Mann,76,Stavanger
1261,Nei,Mann,19,Stavanger
1262,Nei,Kvinne,27,Trondheim
1263,Nei,Mann,61,Stavanger
1264,Nei,Mann,28,Trondheim
1265,Ja,Mann,19,Bergen
1266,Ja,Mann,67,Stavanger
1267,Nei,Mann,29,Bergen
1268,Nei,Kvinne,40,Oslo
1269,Nei,Mann,35,Bergen
1270,Nei,Kvinne,79,Oslo
1271,Nei,Kvinne,79,Bergen
1272,Nei,Kvinne,55,Trondheim
1273,Nei,Kvinne,84,Bergen
1274,Ja,Kvinne,55,Trondheim
1275,Nei,Mann,84,Trondheim
1276,Nei,Mann,78,Stavanger
1277,Nei,Mann,18,Trondheim
1278,Nei,Kvinne,62,Oslo
1279,Nei,Mann,45,Stavanger
1280,Nei,Mann,38,Stavanger
1281,Nei,Kvinne,30,Bergen
1282,Nei,Kvinne,44,Trondheim
1283,Nei,Kvinne,24,Trondheim
1284,Ja,Kvinne,39,Oslo
1285,Nei,Mann,70,Bergen
1286,Nei,Kvinne,21,Bergen
1287,Nei,Kvinne,40,Stavanger
1288,Nei,Mann,87,Stavanger
1289,Ja,Mann,50,Stavanger
1290,Ja,Kvinne,45,Oslo
1291,Nei,Mann,25,Oslo
1292,Nei,Kvinne,18,Stavanger
1293,Nei,Kvinne,54,Bergen
1294,Nei,Mann,80,Oslo
1295,Nei,Mann,39,Bergen
1296,Nei,Kvinne,87,Bergen
1297,Nei,Kvinne,38,Trondheim
1298,Nei,Kvinne,52,Stavanger
1299,Nei,Mann,22,Trondheim
1300,Nei,Kvinne,77,Stavanger
1301,Ja,Kvinne,63,Stavanger
1302,Nei,Kvinne,67,Bergen
1303,Ja,Kvinne,65,Stavanger
1304,Nei,Kvinne,23,Bergen
1305,Nei,Mann,73,Bergen
1306,Nei,Kvinne,76,Stavanger
1307,Nei,Kvinne,46,Bergen
1308,Nei,Kvinne,88,Bergen
1309,Nei,Kvinne,35,Bergen
1310,Nei,Mann,19,Oslo
1311,Ja,Mann,25,Bergen
1312,Nei,Mann,71,Oslo
1313,Nei,Kvinne,55,Oslo
1314,Nei,Kvinne,65,Bergen
1315,Nei,Mann,44,Bergen
1316,Nei,Mann,37,Oslo
1317,Nei,Mann,29,Oslo
1318,Nei,Kvinne,60,Bergen
1319,Ja,Kvinne,78,Bergen
1320,Ja,Mann,48,Stavanger
1321,Nei,Mann,78,Oslo
1322,Nei,Mann,84,Oslo
1323,Nei,Kvinne,52,Stavanger
1324,Nei,Kvinne,32,Oslo
1325,Nei,Kvinne,33,Trondheim
1326,Nei,Mann,30,Oslo
1327,Nei,Mann,52,Stavanger
1328,Nei,Kvinne,76,Trondheim
1329,Nei,Mann,38,Bergen
1330,Nei,Kvinne,71,Stavanger
1331,Nei,Mann,47,Stavanger
1332,Nei,Mann,65,Bergen
1333,Nei,Mann,52,Stavanger
1334,Nei,Mann,55,Oslo
1335,Nei,Kvinne,48,Bergen
1336,Nei,Mann,41,Stavanger
1337,Nei,Kvinne,66,Bergen
1338,Nei,Kvinne,49,Bergen
1339,Ja,Kvinne,72,Bergen
1340,Ja,Mann,75,Trondheim
1341,Nei,Kvinne,20,Stavanger
1342,Nei,Kvinne,86,Trondheim
1343,Nei,Kvinne,27,Stavanger
1344,Nei,Mann,42,Oslo
1345,Nei,Mann,85,Oslo
1346,Nei,Kvinne,78,Oslo
1347,Nei,Mann,46,Stavanger
1348,Nei,Kvinne,36,Bergen
1349,Nei,Kvinne,60,Bergen
1350,Ja,Mann,83,Trondheim
1351,Nei,Kvinne,78,Trondheim
1352,Nei,Mann,60,Oslo
1353,Nei,Mann,42,Trondheim
1354,Nei,Kvinne,37,Stavanger
1355,Nei,Mann,65,Stavanger
1356,Nei,Mann,41,Trondheim
1357,Nei,Kvinne,28,Trondheim
1358,Nei,Kvinne,72,Trondheim
1359,Nei,Mann,45,Trondheim
1360,Nei,Mann,86,Oslo
1361,Nei,Kvinne,80,Oslo
1362,Nei,Mann,76,Trondheim
1363,Nei,Mann,22,Stavanger
1364,Nei,Mann,68,Oslo
1365,Nei,Mann,38,Stavanger
1366,Nei,Mann,29,Bergen
1367,Nei,Mann,67,Stavanger
1368,Nei,Mann,21,Trondheim
1369,Nei,Kvinne,59,Bergen
1370,Nei,Kvinne,55,Oslo
1371,Nei,Kvinne,42,Oslo
1372,Nei,Kvinne,31,Bergen
1373,Nei,Kvinne,49,Stavanger
1374,Nei,Mann,28,Oslo
1375,Nei,Mann,78,Trondheim
1376,Nei,Mann,35,Bergen
1377,Nei,Mann,44,Trondheim
1378,Nei,Kvinne,72,Bergen
1379,Nei,Mann,71,Oslo
1380,Nei,Mann,38,Stavanger
1381,Nei,Kvinne,61,Bergen
1382,Nei,Mann,22,Bergen
1383,Nei,Mann,58,Trondheim
1384,Nei,Kvinne,76,Oslo
1385,Nei,Mann,71,Trondheim
1386,Nei,Mann,39,Oslo
1387,Nei,Mann,82,Trondheim
1388,Nei,Mann,81,Bergen
1389,Nei,Mann,88,Trondheim
1390,Nei,Kvinne,21,Stavanger
1391,Nei,Kvinne,82,Oslo
1392,Ja,Kvinne,32,Oslo
1393,Nei,Kvinne,39,Bergen
1394,Nei,Kvinne,64,Oslo
1395,Nei,Kvinne,63,Stavanger
1396,Nei,Mann,31,Trondheim
1397,Nei,Kvinne,67,Bergen
1398,Nei,Kvinne,37,Stavanger
1399,Nei,Mann,67,Oslo
1400,Nei,Mann,50,Oslo
1401,Nei,Kvinne,76,Stavanger
1402,Nei,Mann,60,Trondheim
1403,Ja,Kvinne,29,Trondheim
1404,Nei,Mann,57,Bergen
1405,Nei,Kvinne,37,Oslo
1406,Nei,Mann,55,Stavanger
1407,Nei,Mann,20,Trondheim
1408,Nei,Kvinne,45,Bergen
1409,Nei,Kvinne,73,Oslo
1410,Nei,Kvinne,30,Oslo
1411,Nei,Kvinne,83,Bergen
1412,Nei,Kvinne,54,Bergen
1413,Nei,Mann,66,Trondheim
1414,Ja,Kvinne,83,Stavanger
1415,Nei,Kvinne,53,Oslo
1416,Nei,Mann,71,Stavanger
1417,Ja,Mann,43,Oslo
1418,Nei,Kvinne,89,Oslo
1419,Nei,Mann,57,Stavanger
1420,Nei,Mann,60,Bergen
1421,Nei,Kvinne,39,Trondheim
1422,Nei,Mann,37,Oslo
1423,Ja,Mann,25,Bergen
1424,Nei,Kvinne,46,Oslo
1425,Nei,Kvinne,57,Trondheim
1426,Nei,Mann,47,Oslo
1427,Ja,Mann,72,Trondheim
1428,Nei,Kvinne,33,Trondheim
1429,Nei,Mann,63,Oslo
1430,Nei,Mann,79,Oslo
1431,Nei,Mann,24,Trondheim
1432,Nei,Kvinne,62,Bergen
1433,Nei,Mann,76,Stavanger
1434,Nei,Mann,73,Trondheim
1435,Nei,Kvinne,65,Oslo
1436,Ja,Mann,44,Oslo
1437,Nei,Mann,70,Bergen
1438,Nei,Kvinne,52,Stavanger
1439,Nei,Kvinne,68,Trondheim
1440,Nei,Kvinne,54,Trondheim
1441,Nei,Kvinne,74,Stavanger
1442,Nei,Mann,25,Trondheim
1443,Nei,Mann,37,Stavanger
1444,Nei,Kvinne,70,Oslo
1445,Nei,Kvinne,29,Stavanger
1446,Nei,Mann,66,Trondheim
1447,Nei,Kvinne,34,Stavanger
1448,Nei,Mann,81,Bergen
1449,Nei,Kvinne,59,Oslo
1450,Nei,Mann,46,Oslo
1451,Nei,Kvinne,36,Stavanger
1452,Nei,Kvinne,28,Trondheim
1453,Nei,Mann,67,Bergen
1454,Nei,Kvinne,88,Oslo
1455,Ja,Mann,75,Oslo
1456,Nei,Mann,51,Trondheim
1457,Nei,Mann,37,Trondheim
1458,Nei,Mann,67,Bergen
1459,Nei,Mann,27,Stavanger
1460,Nei,Kvinne,49,Trondheim
1461,Nei,Kvinne,69,Stavanger
1462,Nei,Mann,32,Bergen
1463,Nei,Kvinne,20,Stavanger
1464,Nei,Mann,54,Oslo
1465,Nei,Kvinne,57,Stavanger
1466,Ja,Kvinne,89,Bergen
1467,Nei,Kvinne,57,Bergen
1468,Nei,Kvinne,73,Bergen
1469,Nei,Mann,40,Stavanger
1470,Nei,Mann,28,Oslo
1471,Nei,Kvinne,81,Trondheim
1472,Nei,Kvinne,25,Oslo
1473,Nei,Mann,73,Stavanger
1474,Nei,Kvinne,77,Stavanger
1475,Nei,Mann,27,Trondheim
1476,Nei,Mann,56,Stavanger
1477,Nei,Mann,45,Bergen
1478,Nei,Kvinne,66,Bergen
1479,Nei,Mann,53,Bergen
1480,Nei,Kvinne,30,Bergen
1481,Nei,Mann,53,Bergen
1482,Nei,Kvinne,43,Stavanger
1483,Nei,Kvinne,21,Trondheim
1484,Ja,Kvinne,81,Trondheim
1485,Nei,Mann,55,Bergen
1486,Nei,Mann,39,Stavanger
1487,Nei,Kvinne,19,Oslo
1488,Nei,Kvinne,48,Oslo
1489,Nei,Kvinne,28,Stavanger
1490,Nei,Mann,63,Bergen
1491,Nei,Mann,79,Trondheim
1492,Nei,Mann,86,Stavanger
1493,Nei,Mann,81,Oslo
1494,Ja,Kvinne,27,Oslo
1495,Nei,Kvinne,57,Oslo
1496,Nei,Mann,41,Bergen
1497,Nei,Mann,61,Oslo
1498,Nei,Kvinne,77,Stavanger
1499,Nei,Mann,79,Stavanger
1500,Nei,Mann,34,Oslo
